Model,Codec,Level,Ethnic,raw_genuine_mean (%),std_genuine (percentage points),raw_impostor_mean (%),std_impostor (percentage points),norm_genuine_mean,norm_impostor_mean,FRR (%),FAR (%),EER (%),Threshold (normalized score),Macro-Average EER (%),SER
arcface,NONE,L0,Malay,100.00,0.00,15.46,9.83,8.60,0.00,0.00,0.00,0.00,8.60,0.00,
arcface,NONE,L0,Chinese,100.00,0.00,12.83,10.46,8.33,0.00,0.00,0.00,0.00,8.33,0.00,
arcface,NONE,L0,Indian,100.00,0.00,13.39,9.84,8.80,0.00,0.00,0.00,0.00,8.80,0.00,
arcface,JPEG,L1,Malay,98.28,1.48,14.70,9.79,8.53,0.00,0.00,0.00,0.00,8.02,0.00,
arcface,JPEG,L1,Chinese,96.08,2.02,11.05,10.25,8.30,0.00,0.00,0.00,0.00,7.75,0.00,
arcface,JPEG,L1,Indian,97.13,1.96,12.38,9.85,8.60,0.00,0.00,0.00,0.00,8.02,0.00,
arcface,JPEG,L2,Malay,93.37,2.23,13.58,9.53,8.37,0.00,0.00,0.00,0.00,7.79,0.00,
arcface,JPEG,L2,Chinese,93.41,1.86,10.45,10.12,8.20,0.00,0.00,0.00,0.00,7.64,0.00,
arcface,JPEG,L2,Indian,93.62,2.71,11.77,9.76,8.38,0.00,0.00,0.00,0.00,7.45,0.00,
arcface,JPEG,L3,Malay,87.67,3.19,12.91,9.26,8.07,0.00,0.00,0.00,0.00,7.19,0.00,
arcface,JPEG,L3,Chinese,87.36,2.81,10.01,9.83,7.87,0.00,0.00,0.00,0.00,7.12,0.00,
arcface,JPEG,L3,Indian,87.90,5.12,11.50,9.66,7.91,0.00,0.00,0.00,0.00,6.02,0.00,
arcface,JPEG,L4,Malay,74.67,5.99,12.44,8.98,6.93,0.00,0.00,0.00,0.00,4.93,0.62,
arcface,JPEG,L4,Chinese,73.90,5.65,9.39,9.67,6.67,0.00,0.00,0.00,0.00,4.83,0.62,
arcface,JPEG,L4,Indian,74.70,10.29,10.93,9.45,6.75,0.00,1.85,1.85,1.85,3.80,0.62,
arcface,JPEG,L5,Malay,37.83,11.21,9.53,7.55,3.75,0.00,7.41,7.41,7.41,1.47,10.16,4.08
arcface,JPEG,L5,Chinese,38.26,10.20,7.24,8.02,3.87,0.00,4.54,4.54,4.54,1.70,10.16,4.08
arcface,JPEG,L5,Indian,34.12,17.82,7.97,8.07,3.24,0.00,18.52,18.52,18.52,0.89,10.16,4.08
arcface,JXL,L1,Malay,99.18,0.71,14.99,9.86,8.54,0.00,0.00,0.00,0.00,8.29,0.00,
arcface,JXL,L1,Chinese,97.82,1.90,11.66,10.38,8.30,0.00,0.00,0.00,0.00,7.64,0.00,
arcface,JXL,L1,Indian,98.17,1.56,12.65,9.86,8.67,0.00,0.00,0.00,0.00,8.22,0.00,
arcface,JXL,L2,Malay,96.21,1.68,14.06,9.70,8.47,0.00,0.00,0.00,0.00,8.01,0.00,
arcface,JXL,L2,Chinese,94.64,1.86,10.68,10.20,8.24,0.00,0.00,0.00,0.00,7.71,0.00,
arcface,JXL,L2,Indian,95.34,2.09,11.95,9.79,8.52,0.00,0.00,0.00,0.00,7.86,0.00,
arcface,JXL,L3,Malay,93.72,2.03,13.73,9.66,8.28,0.00,0.00,0.00,0.00,7.74,0.00,
arcface,JXL,L3,Chinese,95.47,1.78,11.60,10.38,8.08,0.00,0.00,0.00,0.00,7.65,0.00,
arcface,JXL,L3,Indian,94.19,2.56,12.10,9.73,8.43,0.00,0.00,0.00,0.00,6.99,0.00,
arcface,JXL,L4,Malay,84.76,3.65,14.71,9.59,7.30,0.00,0.00,0.00,0.00,6.36,0.00,
arcface,JXL,L4,Chinese,84.60,4.46,11.93,10.18,7.14,0.00,0.00,0.00,0.00,5.91,0.00,
arcface,JXL,L4,Indian,84.34,6.53,12.64,9.78,7.33,0.00,0.00,0.00,0.00,3.96,0.00,
arcface,JXL,L5,Malay,77.62,5.77,14.35,9.51,6.65,0.00,0.00,0.00,0.00,4.59,0.62,
arcface,JXL,L5,Chinese,76.31,5.54,11.15,9.84,6.62,0.00,0.00,0.00,0.00,5.10,0.62,
arcface,JXL,L5,Indian,77.12,8.95,12.31,9.66,6.71,0.00,1.85,1.85,1.85,2.95,0.62,
arcface,HEIC,L1,Malay,99.62,0.11,15.45,9.82,8.57,0.00,0.00,0.00,0.00,8.54,0.00,
arcface,HEIC,L1,Chinese,99.70,0.12,12.80,10.46,8.31,0.00,0.00,0.00,0.00,8.27,0.00,
arcface,HEIC,L1,Indian,99.60,0.17,13.35,9.85,8.76,0.00,0.00,0.00,0.00,8.70,0.00,
arcface,HEIC,L2,Malay,99.53,0.12,15.41,9.82,8.57,0.00,0.00,0.00,0.00,8.53,0.00,
arcface,HEIC,L2,Chinese,99.55,0.17,12.75,10.46,8.30,0.00,0.00,0.00,0.00,8.24,0.00,
arcface,HEIC,L2,Indian,99.47,0.19,13.20,9.84,8.77,0.00,0.00,0.00,0.00,8.70,0.00,
arcface,HEIC,L3,Malay,98.35,0.52,15.17,9.80,8.49,0.00,0.00,0.00,0.00,8.27,0.00,
arcface,HEIC,L3,Chinese,98.45,0.46,12.58,10.50,8.17,0.00,0.00,0.00,0.00,8.00,0.00,
arcface,HEIC,L3,Indian,98.08,1.39,12.88,9.85,8.64,0.00,0.00,0.00,0.00,7.75,0.00,
arcface,HEIC,L4,Malay,93.89,1.46,14.82,9.82,8.06,0.00,0.00,0.00,0.00,7.59,0.00,
arcface,HEIC,L4,Chinese,93.81,1.83,12.36,10.47,7.78,0.00,0.00,0.00,0.00,7.41,0.00,
arcface,HEIC,L4,Indian,93.59,2.27,13.09,9.93,8.11,0.00,0.00,0.00,0.00,7.27,0.00,
arcface,HEIC,L5,Malay,86.90,3.29,14.83,9.71,7.42,0.00,0.00,0.00,0.00,6.58,0.00,
arcface,HEIC,L5,Chinese,86.44,3.70,11.99,10.32,7.21,0.00,0.00,0.00,0.00,6.30,0.00,
arcface,HEIC,L5,Indian,86.28,5.66,13.09,10.03,7.30,0.00,0.00,0.00,0.00,4.15,0.00,
magface,NONE,L0,Malay,100.00,0.00,37.00,13.65,4.61,0.00,0.00,0.00,0.00,4.61,0.00,
magface,NONE,L0,Chinese,100.00,0.00,31.99,11.16,6.09,0.00,0.00,0.00,0.00,6.09,0.00,
magface,NONE,L0,Indian,100.00,0.00,47.20,15.98,3.30,0.00,0.00,0.00,0.00,3.30,0.00,
magface,JPEG,L1,Malay,99.67,0.27,37.00,13.64,4.59,0.00,0.00,0.00,0.00,4.51,0.00,
magface,JPEG,L1,Chinese,99.70,0.14,31.90,11.16,6.08,0.00,0.00,0.00,0.00,6.04,0.00,
magface,JPEG,L1,Indian,99.79,0.17,47.16,15.88,3.31,0.00,0.00,0.00,0.00,3.26,0.00,
magface,JPEG,L2,Malay,99.50,0.60,37.02,13.60,4.59,0.00,0.00,0.00,0.00,4.33,0.00,
magface,JPEG,L2,Chinese,99.57,0.21,31.95,11.13,6.08,0.00,0.00,0.00,0.00,6.01,0.00,
magface,JPEG,L2,Indian,99.64,0.31,47.20,15.92,3.29,0.00,0.00,0.00,0.00,3.23,0.00,
magface,JPEG,L3,Malay,97.86,1.37,36.78,13.66,4.47,0.00,0.00,0.00,0.00,3.97,0.00,
magface,JPEG,L3,Chinese,97.66,0.76,31.39,11.14,5.95,0.00,0.00,0.00,0.00,5.82,0.00,
magface,JPEG,L3,Indian,98.47,0.98,46.85,15.98,3.23,0.00,0.00,0.00,0.00,3.07,0.00,
magface,JPEG,L4,Malay,84.72,5.96,35.20,13.22,3.75,0.00,0.91,0.91,0.91,2.39,2.39,7.95
magface,JPEG,L4,Chinese,81.70,6.66,30.06,11.13,4.64,0.00,0.70,0.70,0.70,3.02,2.39,7.95
magface,JPEG,L4,Indian,87.61,7.87,46.56,16.17,2.54,0.00,5.56,5.56,5.56,1.63,2.39,7.95
magface,JPEG,L5,Malay,57.50,17.42,34.41,13.48,1.71,0.00,24.07,24.07,24.07,0.72,23.46,1.27
magface,JPEG,L5,Chinese,50.27,16.78,28.48,12.05,1.81,0.00,20.37,20.37,20.37,0.82,23.46,1.27
magface,JPEG,L5,Indian,70.02,16.66,48.17,15.92,1.37,0.00,25.93,25.93,25.93,0.79,23.46,1.27
magface,JXL,L1,Malay,99.83,0.11,37.03,13.64,4.60,0.00,0.00,0.00,0.00,4.57,0.00,
magface,JXL,L1,Chinese,99.85,0.06,32.05,11.16,6.07,0.00,0.00,0.00,0.00,6.06,0.00,
magface,JXL,L1,Indian,99.87,0.15,47.24,15.94,3.30,0.00,0.00,0.00,0.00,3.25,0.00,
magface,JXL,L2,Malay,99.68,0.16,37.01,13.64,4.59,0.00,0.00,0.00,0.00,4.56,0.00,
magface,JXL,L2,Chinese,99.71,0.11,31.97,11.13,6.08,0.00,0.00,0.00,0.00,6.05,0.00,
magface,JXL,L2,Indian,99.75,0.21,47.24,15.89,3.30,0.00,0.00,0.00,0.00,3.26,0.00,
magface,JXL,L3,Malay,97.66,1.11,37.03,13.69,4.43,0.00,0.00,0.00,0.00,4.25,0.00,
magface,JXL,L3,Chinese,97.76,1.00,32.26,11.18,5.86,0.00,0.00,0.00,0.00,5.60,0.00,
magface,JXL,L3,Indian,98.63,1.10,47.57,15.92,3.21,0.00,0.00,0.00,0.00,2.82,0.00,
magface,JXL,L4,Malay,86.13,5.84,37.61,13.37,3.63,0.00,1.29,1.29,1.29,2.31,1.92,4.82
magface,JXL,L4,Chinese,84.75,6.81,32.53,11.21,4.66,0.00,0.77,0.77,0.77,2.94,1.92,4.82
magface,JXL,L4,Indian,89.82,6.87,49.11,15.95,2.55,0.00,3.70,3.70,3.70,1.74,1.92,4.82
magface,JXL,L5,Malay,78.77,9.53,37.12,13.37,3.12,0.00,5.77,5.77,5.77,1.75,6.56,5.12
magface,JXL,L5,Chinese,75.84,9.72,32.14,11.34,3.85,0.00,2.27,2.27,2.27,2.16,6.56,5.12
magface,JXL,L5,Indian,84.39,8.89,49.54,16.00,2.18,0.00,11.64,11.64,11.64,1.30,6.56,5.12
magface,HEIC,L1,Malay,99.60,0.29,37.07,13.59,4.60,0.00,0.00,0.00,0.00,4.53,0.00,
magface,HEIC,L1,Chinese,99.69,0.24,32.01,11.15,6.07,0.00,0.00,0.00,0.00,5.97,0.00,
magface,HEIC,L1,Indian,99.69,0.28,47.22,16.04,3.27,0.00,0.00,0.00,0.00,3.18,0.00,
magface,HEIC,L2,Malay,99.54,0.33,37.06,13.56,4.61,0.00,0.00,0.00,0.00,4.52,0.00,
magface,HEIC,L2,Chinese,99.61,0.24,32.03,11.13,6.07,0.00,0.00,0.00,0.00,5.98,0.00,
magface,HEIC,L2,Indian,99.66,0.29,47.31,15.95,3.28,0.00,0.00,0.00,0.00,3.19,0.00,
magface,HEIC,L3,Malay,99.00,0.58,37.21,13.60,4.54,0.00,0.00,0.00,0.00,4.35,0.00,
magface,HEIC,L3,Chinese,98.82,0.44,32.46,11.10,5.98,0.00,0.00,0.00,0.00,5.91,0.00,
magface,HEIC,L3,Indian,99.25,0.44,47.60,15.85,3.26,0.00,0.00,0.00,0.00,3.19,0.00,
magface,HEIC,L4,Malay,94.97,2.31,38.08,13.55,4.20,0.00,0.00,0.00,0.00,3.56,0.16,
magface,HEIC,L4,Chinese,94.55,2.14,33.13,11.19,5.49,0.00,0.00,0.00,0.00,5.03,0.16,
magface,HEIC,L4,Indian,96.02,3.45,48.46,15.86,3.00,0.00,0.49,0.49,0.49,2.15,0.16,
magface,HEIC,L5,Malay,88.69,4.81,38.47,13.40,3.75,0.00,0.28,0.28,0.28,2.72,1.49,13.25
magface,HEIC,L5,Chinese,87.81,5.56,33.33,11.14,4.89,0.00,0.49,0.49,0.49,3.18,1.49,13.25
magface,HEIC,L5,Indian,91.49,5.47,49.73,15.74,2.65,0.00,3.70,3.70,3.70,1.78,1.49,13.25
mobilefacenet,NONE,L0,Malay,100.00,0.00,43.72,9.54,5.90,0.00,0.00,0.00,0.00,5.90,0.00,
mobilefacenet,NONE,L0,Chinese,100.00,0.00,35.87,10.08,6.36,0.00,0.00,0.00,0.00,6.36,0.00,
mobilefacenet,NONE,L0,Indian,100.00,0.00,31.96,13.25,5.13,0.00,0.00,0.00,0.00,5.13,0.00,
mobilefacenet,JPEG,L1,Malay,99.78,0.09,43.36,9.60,5.88,0.00,0.00,0.00,0.00,5.85,0.00,
mobilefacenet,JPEG,L1,Chinese,99.77,0.11,35.66,10.13,6.33,0.00,0.00,0.00,0.00,6.29,0.00,
mobilefacenet,JPEG,L1,Indian,99.77,0.11,31.66,13.20,5.16,0.00,0.00,0.00,0.00,5.13,0.00,
mobilefacenet,JPEG,L2,Malay,99.60,0.15,43.24,9.58,5.88,0.00,0.00,0.00,0.00,5.83,0.00,
mobilefacenet,JPEG,L2,Chinese,99.60,0.15,35.53,10.14,6.32,0.00,0.00,0.00,0.00,6.27,0.00,
mobilefacenet,JPEG,L2,Indian,99.58,0.21,31.46,13.27,5.13,0.00,0.00,0.00,0.00,5.10,0.00,
mobilefacenet,JPEG,L3,Malay,97.65,0.93,41.96,9.55,5.83,0.00,0.00,0.00,0.00,5.47,0.00,
mobilefacenet,JPEG,L3,Chinese,97.56,1.32,34.62,10.24,6.15,0.00,0.00,0.00,0.00,5.52,0.00,
mobilefacenet,JPEG,L3,Indian,97.77,1.19,30.62,13.15,5.10,0.00,0.00,0.00,0.00,4.61,0.00,
mobilefacenet,JPEG,L4,Malay,86.91,3.16,39.10,9.35,5.11,0.00,0.00,0.00,0.00,4.42,0.01,
mobilefacenet,JPEG,L4,Chinese,84.53,3.77,31.44,9.77,5.43,0.00,0.00,0.00,0.00,4.62,0.01,
mobilefacenet,JPEG,L4,Indian,85.74,5.03,28.49,12.87,4.45,0.00,0.03,0.03,0.03,2.87,0.01,
mobilefacenet,JPEG,L5,Malay,38.78,10.45,23.32,7.71,2.00,0.00,20.37,20.37,20.37,0.82,17.84,1.59
mobilefacenet,JPEG,L5,Chinese,38.15,7.77,19.72,7.25,2.54,0.00,12.79,12.79,12.79,1.15,17.84,1.59
mobilefacenet,JPEG,L5,Indian,37.45,12.87,17.57,9.21,2.16,0.00,20.37,20.37,20.37,0.81,17.84,1.59
mobilefacenet,JXL,L1,Malay,99.92,0.02,43.69,9.56,5.88,0.00,0.00,0.00,0.00,5.88,0.00,
mobilefacenet,JXL,L1,Chinese,99.92,0.03,35.88,10.08,6.35,0.00,0.00,0.00,0.00,6.34,0.00,
mobilefacenet,JXL,L1,Indian,99.89,0.07,31.95,13.27,5.12,0.00,0.00,0.00,0.00,5.10,0.00,
mobilefacenet,JXL,L2,Malay,99.83,0.05,43.71,9.56,5.87,0.00,0.00,0.00,0.00,5.86,0.00,
mobilefacenet,JXL,L2,Chinese,99.84,0.05,35.89,10.08,6.34,0.00,0.00,0.00,0.00,6.32,0.00,
mobilefacenet,JXL,L2,Indian,99.79,0.12,31.97,13.29,5.10,0.00,0.00,0.00,0.00,5.06,0.00,
mobilefacenet,JXL,L3,Malay,98.76,0.30,43.66,9.55,5.77,0.00,0.00,0.00,0.00,5.69,0.00,
mobilefacenet,JXL,L3,Chinese,98.64,0.41,35.89,10.12,6.20,0.00,0.00,0.00,0.00,6.09,0.00,
mobilefacenet,JXL,L3,Indian,98.62,0.51,32.10,13.19,5.04,0.00,0.00,0.00,0.00,4.93,0.00,
mobilefacenet,JXL,L4,Malay,90.27,2.62,42.76,9.43,5.04,0.00,0.00,0.00,0.00,4.34,0.00,
mobilefacenet,JXL,L4,Chinese,89.01,3.13,34.07,9.75,5.63,0.00,0.00,0.00,0.00,4.92,0.00,
mobilefacenet,JXL,L4,Indian,89.46,3.77,31.66,13.07,4.42,0.00,0.00,0.00,0.00,3.26,0.00,
mobilefacenet,JXL,L5,Malay,84.34,4.02,40.84,9.17,4.75,0.00,0.00,0.00,0.00,3.50,0.47,
mobilefacenet,JXL,L5,Chinese,80.16,4.72,31.57,9.79,4.96,0.00,0.00,0.00,0.00,3.65,0.47,
mobilefacenet,JXL,L5,Indian,82.71,5.70,30.25,12.85,4.08,0.00,1.40,1.40,1.40,2.03,0.47,
mobilefacenet,HEIC,L1,Malay,99.76,0.09,43.55,9.57,5.87,0.00,0.00,0.00,0.00,5.84,0.00,
mobilefacenet,HEIC,L1,Chinese,99.79,0.08,35.72,10.11,6.34,0.00,0.00,0.00,0.00,6.32,0.00,
mobilefacenet,HEIC,L1,Indian,99.75,0.11,31.83,13.21,5.14,0.00,0.00,0.00,0.00,5.12,0.00,
mobilefacenet,HEIC,L2,Malay,99.72,0.10,43.51,9.57,5.87,0.00,0.00,0.00,0.00,5.83,0.00,
mobilefacenet,HEIC,L2,Chinese,99.73,0.10,35.68,10.13,6.33,0.00,0.00,0.00,0.00,6.30,0.00,
mobilefacenet,HEIC,L2,Indian,99.70,0.12,31.78,13.20,5.14,0.00,0.00,0.00,0.00,5.12,0.00,
mobilefacenet,HEIC,L3,Malay,99.33,0.18,43.38,9.64,5.80,0.00,0.00,0.00,0.00,5.75,0.00,
mobilefacenet,HEIC,L3,Chinese,99.15,0.28,35.72,10.15,6.25,0.00,0.00,0.00,0.00,6.17,0.00,
mobilefacenet,HEIC,L3,Indian,99.25,0.28,31.62,13.08,5.17,0.00,0.00,0.00,0.00,5.08,0.00,
mobilefacenet,HEIC,L4,Malay,96.99,0.71,43.23,9.62,5.59,0.00,0.00,0.00,0.00,5.37,0.00,
mobilefacenet,HEIC,L4,Chinese,96.38,1.19,35.53,10.15,5.99,0.00,0.00,0.00,0.00,5.58,0.00,
mobilefacenet,HEIC,L4,Indian,96.76,1.00,31.87,13.22,4.91,0.00,0.00,0.00,0.00,4.69,0.00,
mobilefacenet,HEIC,L5,Malay,92.53,1.76,42.51,9.43,5.30,0.00,0.00,0.00,0.00,4.94,0.00,
mobilefacenet,HEIC,L5,Chinese,90.62,2.73,34.77,10.15,5.50,0.00,0.00,0.00,0.00,4.73,0.00,
mobilefacenet,HEIC,L5,Indian,91.22,2.90,31.27,13.15,4.56,0.00,0.00,0.00,0.00,3.63,0.00,
